Country,General,Current,Emerging,Underground
Global,spotify:playlist:2CHEbtr3agbkbrEnzSOJPf,spotify:playlist:7xom7CO8dOHxx9fnGwwrnO,spotify:playlist:2iMjNpXB1KzwxEryqITNut,spotify:playlist:62nYoBdWTQYtLJzmWqMUTI
Albania,spotify:playlist:7b348RfVNvpQwj9UrNPiRC,spotify:playlist:5gzNiH9NRQoV93cP7l84FK,spotify:playlist:7DkOjJPufYmgGW4tqrqAaP,No playlist.
Algeria,spotify:playlist:4dcY28qZCKYTMtBKNxD75j,spotify:playlist:10VIeLWpJRRvzqOkXnDn7a,spotify:playlist:14tgqzSM8MTotJjoVjt7iD,No playlist.
Andorra,spotify:playlist:2EdjQE6h2KRfJZ2fCgsrB1,spotify:playlist:1bpIO3YHziBq04VDGKYZGX,spotify:playlist:7HNCb1RwXsAzRhbyV1tXqI,No playlist.
Angola,spotify:playlist:5pqPSPgKCIlnYTdx86lZQm,spotify:playlist:6tSmfWdCuV8IJH0VwB0WbZ,No playlist.,No playlist.
Antigua & Barbuda,spotify:playlist:0Jwxc0eJg0jQCIAwGO8N8Q,spotify:playlist:3cvEnAPBZxffwS6I6eLqyQ,spotify:playlist:7nnEQpGWjsStmOFHzK7ltX,No playlist.
Argentina,spotify:playlist:0RLsMUWDWDeObWCJgtwzhI,spotify:playlist:6UcFoCMb5FOPdU2Wx2VQq9,spotify:playlist:5qWxzfcGItyE968B3FXYq6,spotify:playlist:1G7R3Oha4F1Lurevj4AM0q
Armenia,spotify:playlist:0W1UzRA89CXb9u4DoEvTtm,spotify:playlist:3UnhKN2Y47Hpt7n95dC3OR,spotify:playlist:195rzWIHiJjwXniCno9LMy,No playlist.
Australia,spotify:playlist:3Tf0s3HMCaJxDjsMhGz46u,spotify:playlist:2mjbz0gH1KwFWj5Sku7LJI,spotify:playlist:2xQ33augU2OmdZQVijYecH,spotify:playlist:4AwtDBC3bElbNOiblvSMWx
Austria,spotify:playlist:1LH9WNlxyN8eVsvpGlQ01l,spotify:playlist:1QwMI9wcU2Crk7FV2t3DUJ,spotify:playlist:1azWl6HDnIk8t0bsk8Obp0,spotify:playlist:22iCOyeEJp4vFs5eScRAo5
Azerbaijan,spotify:playlist:4ZNjx3AbDAxTcYyUPpzsb7,spotify:playlist:7fZpBMU800KT0d2LPot0cC,spotify:playlist:0irWc6BaCYJcsW4dlTfZ9r,No playlist.
Bahamas,spotify:playlist:6hbXSOC6h1io9gvepENI4r,spotify:playlist:4fR8pUsCLvCSfW4z7nu7mP,No playlist.,No playlist.
Bahrain,spotify:playlist:2h7VljgRUQUWWw53toiYEZ,spotify:playlist:31KFQ1arCbBdQiTsIHtTE9,spotify:playlist:68ocPtWLw2SDVGbT2KfNFy,No playlist.
Bangladesh,spotify:playlist:5a4F0JBeA78ju4aH5y41QK,spotify:playlist:2jFXd4EYiQV0ZPLAvi9Kaq,spotify:playlist:3ybjckV5OBd10b753sh2Dk,spotify:playlist:5duPZz6wuNtYU83JxztzUg
Barbados,spotify:playlist:73opzGzRNKBV6nB7a6uiS8,spotify:playlist:0QWGWGC0suTlP6a7YrXDRG,No playlist.,No playlist.
Belarus,spotify:playlist:1kAc2v4vNR0uDuIkB5x3dZ,spotify:playlist:4REdZ1GdasV4AO3LhsSUuy,spotify:playlist:13UA1SEiX42jbclzxI6mz8,spotify:playlist:6bEHG5OR0PIj3lBtvn7fGM
Belgium,spotify:playlist:4qKAehKEgfzscp8VruUUhX,spotify:playlist:0xx7pKjTD625C3j9u0O4pF,spotify:playlist:2gxd4BzCa1iHDHXqL2hnN6,spotify:playlist:1N1ii5OKxqwZU0zLtQEQuY
Belize,spotify:playlist:5lzQVw0MqzxLVowWlsZq2J,spotify:playlist:2PafpL6EOJOEG7eDN5Hz21,No playlist.,No playlist.
Benin,spotify:playlist:0W0PA2htkc5jcsuoBAAGtO,spotify:playlist:5nS7eGQoksDEkU2qP5fw2q,No playlist.,No playlist.
Bhutan,spotify:playlist:2SWOAbEl1zWMdsmxk2WLiK,spotify:playlist:7JUZC77frJa91wWGRYQkxu,No playlist.,No playlist.
Bolivia,spotify:playlist:3u16AqtpGqik2EKh0eLDMx,spotify:playlist:4o2Cg44Q463thgo2NOuNZQ,spotify:playlist:3V8PVD84zyi5QakS9eTH31,spotify:playlist:4UGrhveKbZ19WotYjsSPjL
Bosnia and Herzegovina,spotify:playlist:0aIzMnuM0Fe5iHm7k1QDIp,spotify:playlist:4zc5Dh236dVgeZSlU8cJMK,spotify:playlist:2cGdiEOLs18xKbEB09RSer,No playlist.
Botswana,spotify:playlist:6Gdu6u0ofZCecwtdKEBIM5,spotify:playlist:3OtBA7o1NepbJ3jZ5VPwX1,spotify:playlist:7nvQw6fgIhQABXyiwswRbQ,No playlist.
Brazil,spotify:playlist:56WDZrtdUkEy9fAu4rP8Q1,spotify:playlist:4Hc7cJv7qZTXDwAzi3zQJJ,spotify:playlist:7rScbG6SQznnyI5THoiXwz,spotify:playlist:07q1biBey9nVuULlpdAdAp
Brunei,spotify:playlist:7DozH2Z6vRLbvqLDXkPPW0,spotify:playlist:4dI2Y3Ez4wH7iVVI1xYdOX,spotify:playlist:558bdvKOzEF3fN2nmTAucT,No playlist.
Bulgaria,spotify:playlist:4vAhUdBh2RfnXt2MJ901xD,spotify:playlist:6HBWZ46eFEZmGVgv9ylofC,spotify:playlist:7I4SrRvBXutY6cqgLGCEWK,spotify:playlist:1oxAxZwDTT1EGDehYgqdPN
Burkina Faso,spotify:playlist:1TU4nPMKSQBaqV3lv4KIv7,spotify:playlist:65YASikrfwR8JVcn8DgTaA,No playlist.,No playlist.
Burundi,spotify:playlist:3JNkclh3wbV3AhGaFoyDOT,spotify:playlist:0jAh0iblO9nDFn9J7Df82B,No playlist.,No playlist.
Cambodia,spotify:playlist:7bGVXQaoM6tjfXVc7oyte9,spotify:playlist:0kdzwDiG52h6TZHBWY0xjN,spotify:playlist:2sHzcHgCALi9CLww5qwPgY,No playlist.
Cameroon,spotify:playlist:7524yjsUIs5VI7pI2jLj4h,spotify:playlist:4ZWVCGajIR8bbhvfWRD2G4,No playlist.,No playlist.
Canada,spotify:playlist:5YDfEFiFKFhZueO2wesqVS,spotify:playlist:3LbzCtAvYPrlQoVWm5d9Hy,spotify:playlist:5gBfOl0SgchhgMqRLeyKl1,spotify:playlist:04DoMkOs1lXWwmO2eCIGy5
Cape Verde,spotify:playlist:388OfurKZqAA61jWSpryVH,spotify:playlist:1RozkR8fwNGiyPqkOVhp3H,No playlist.,No playlist.
Chad,spotify:playlist:3k0R68PC9kUlbh6Q0p0ZlA,spotify:playlist:4twNoxZ03ez3u17prP6kcd,No playlist.,No playlist.
Chile,spotify:playlist:6UGDCgr1af0g1dWAqLaN1J,spotify:playlist:7ETJKQK0QeMGqIweN7GdvV,spotify:playlist:6ddfWF5y988yyxSWHnKvRP,spotify:playlist:3Ns936oQg6phrQBl3S7mkn
Colombia,spotify:playlist:05SJ5orzjWByrFLIVmYr7H,spotify:playlist:682WhwrgbcSQgaFnKvpWXU,spotify:playlist:3ipQRns7mNzJUpdzZCu2Zh,spotify:playlist:79qfSSbyXZKItCI0ZsnYYi
Comoros,spotify:playlist:0D0s4iCZmbXBiCW3fA571m,spotify:playlist:7gQ4SOeJZ6OQ3pZWtZywJr,No playlist.,No playlist.
Congo (Brazzaville),spotify:playlist:2Et28yDCdHHNLm8fMuUG0R,spotify:playlist:3mNjxwgKCOGqTxxqpdvCsd,No playlist.,No playlist.
Congo (Kinshasa),spotify:playlist:1Eq5HGwS8lYIEu5vR4oIn4,spotify:playlist:6rYTmegHYDw8F1g0nqgzHD,No playlist.,No playlist.
Costa Rica,spotify:playlist:6EYDJimCYSvS0NAoxLBEul,spotify:playlist:6XStsPSCs4xdxmEgeeQXEq,spotify:playlist:7GkWxpHvHXdXo903Ome46q,spotify:playlist:3jFGcMuDmc1JHQZpHTkIW3
Croatia,spotify:playlist:6vrf7BCokxeN1hRdqTfMQ1,spotify:playlist:6nTPIDHtLZCiNcdmmNW186,spotify:playlist:3nQMcs6r1GIfOLPMGQFcHr,spotify:playlist:1UeSd2WStUKsvoT638UFE2
CuraÃ§ao,spotify:playlist:4V8Pf1XpUyV2MbXgd8Xl4T,spotify:playlist:2AC4VLXdjOSJB0lnr430TC,No playlist.,No playlist.
Cyprus,spotify:playlist:2Z76XZNjNXgOHajVfecGtG,spotify:playlist:3xstCcescNQcnDme8c6Nj2,spotify:playlist:0ULHe2lYqItxuZIzUXv8Xk,spotify:playlist:1FS5Um8ca8Gr1FbWZojLL6
Czech Republic,spotify:playlist:1b0dTULraqfzyVAt37tZZO,spotify:playlist:5jRKR6n3vOJe1QQVgoLOX8,spotify:playlist:5dHShSXB6hDPzgU9uCfyG9,spotify:playlist:4TAyxe6njkBWAWvCE2yGJn
CÃ´te D'Ivoire,spotify:playlist:2Jf7zWrfriPqTdQAbnQm4g,spotify:playlist:3Ombm2jAGAcUMP1Omf7FkA,spotify:playlist:7baWjeBQgl18NB1PdKsUBA,No playlist.
Denmark,spotify:playlist:19DEwnk91Lj6k59RlltBTa,spotify:playlist:7fMGbUaZrqZhiVbLFxM20E,spotify:playlist:0Ao2REVCzuunTqXWvOHwG5,spotify:playlist:6q5pDkeCLQ9oVAJeeufyvE
Djibouti,spotify:playlist:65eoiUowJIN2gOPunRwfF0,spotify:playlist:3pdwUnqRijM27J4DgTb2Kk,No playlist.,No playlist.
Dominica,spotify:playlist:3pYWpRmNXgfDMvddG5r6Io,spotify:playlist:5PmNq89JBzde3ZGgjDQHdW,No playlist.,No playlist.
Dominican Republic,spotify:playlist:7ASbfd86KsA89pVRNk3a5w,spotify:playlist:37cRblfDmSWbMMCLXD5Ufo,spotify:playlist:53mMRHWhx3KvJqNadpMOUe,spotify:playlist:0irhrz5S12JfwgBhtU6tZk
Ecuador,spotify:playlist:559L7rsdfP1edscUPoAwxh,spotify:playlist:4j87mbBumodVQBcQQ4QW6v,spotify:playlist:4GQUuCdeiPMojPEv4hm5pD,spotify:playlist:4hFo4KVMiXQ4xt0D9QtbqT
Egypt,spotify:playlist:3Iq1g6TevG3p5WTncwDAtx,spotify:playlist:5mW8JCyVYoajHI637yrUZT,spotify:playlist:1lXiBvWr7hevzegAujdD19,spotify:playlist:6WwlJbIRfHY039jB4CnM5s
El Salvador,spotify:playlist:2n01Peuwf7AAoI0pJ5uIDM,spotify:playlist:1jHuSWaXYMFWucqDOIrvAf,spotify:playlist:2dcioAn3ylscQ9HVXrdZXl,spotify:playlist:3XvZE9RkgFbWaOE3ULtlkz
Equatorial Guinea,spotify:playlist:4LtB3e4lUw6b05ETLvrAYW,spotify:playlist:0Eo1o56CqgD7rkILmSidGa,No playlist.,No playlist.
Estonia,spotify:playlist:2P0UMwPFU3XNlZkRYfUXr5,spotify:playlist:7zDJcuv6wq2uLkqc2Ot5yt,spotify:playlist:1GiL07bzgFSP49Saz2XLYV,spotify:playlist:6SqHUAchyDvRH6C9BTpBwU
Eswatini,spotify:playlist:1ILEaEyAtmfglCjck9cQF9,spotify:playlist:0hdaN1Ul3xLQm8JjZHtrTq,No playlist.,No playlist.
Ethiopia,spotify:playlist:27jb80oRXw5ilfFHGjzOZZ,spotify:playlist:6Cm3HjbpHB8cLrX5xGSnSK,No playlist.,No playlist.
Fiji,spotify:playlist:6HmmWtTeK1KynMU3gK13OP,spotify:playlist:1wyMiNpnWJUso7YMJsEEx0,No playlist.,No playlist.
Finland,spotify:playlist:2bSnAdEMylemwAtRpsc4oI,spotify:playlist:4A9JUmNohGu3jPloPk5VFZ,spotify:playlist:78zM172PcrKHE53VhSVxb2,spotify:playlist:0TeaVMkSauPObt4oCU9hUx
France,spotify:playlist:16PC53KlEhZYUGx4l8K2Hr,spotify:playlist:3us5km5KclgqJhJk4xQ6Ek,spotify:playlist:54j5Ko0py0zj16RGFkMr1B,spotify:playlist:5hIve8KMXDwIAYQRZHSjy0
Gabon,spotify:playlist:6n9YvbRPQGJuiZmUvGGKh8,spotify:playlist:0isEwHx21XEYsm55Vnnrm5,spotify:playlist:0SelLWxYgXAxjBtvbgGpDQ,No playlist.
Gambia,spotify:playlist:4iSq4R3nG2CBK3iWuyefTW,spotify:playlist:50BGNkOCsUQHR1pWZcGzOM,No playlist.,No playlist.
Georgia,spotify:playlist:4CMSBUD9c9Mijz8qvj4Hmz,spotify:playlist:1YSZIwsa5pjqsvQBErhEfO,spotify:playlist:3M1vx1oXkuOwrQGsjekA7Q,spotify:playlist:2NyHGxpDDl5ia4wauIFCVa
Germany,spotify:playlist:1Ag5Fxam3fmDeQzKIHMGC3,spotify:playlist:6lfhCIgbzcnqR8XN6aPyfn,spotify:playlist:1hRRuxVOncimnrk5mZIcmY,spotify:playlist:6N52LNDdVFRQfLxa00aUN5
Ghana,spotify:playlist:07FkAJEHtVHneNxiLMyas7,spotify:playlist:2AfLsQFPynPqNCQSENp2oA,spotify:playlist:5DdrPRF1ClCpVER624H6h0,spotify:playlist:5PLEGSQ29vlKewK4hROCrf
Greece,spotify:playlist:4P28XlsaVCoWl8TYm1nsEY,spotify:playlist:6Y9LZbw3MoirojxDST6x11,spotify:playlist:3sYdgp2UfG1RhZoYOjJImW,spotify:playlist:0LFsrYKJb2Z4nBFp2jMaeS
Grenada,spotify:playlist:1p90KkiumBNd5Nsyk4c43i,spotify:playlist:1YZHOoCuCZq8YZnDuLTMnm,No playlist.,No playlist.
Guatemala,spotify:playlist:1ho9GRA1vf24KSYR267r3H,spotify:playlist:0bhQlxHhG3iggGZPeFj46b,spotify:playlist:2YzkxzOt1osVHbEonw0pEY,spotify:playlist:7AadvzkGdrtZBBvj3hevIQ
Guinea,spotify:playlist:60TvXEnT710AJufj5IgvFq,spotify:playlist:48DjUlaBcQVLLnzrCLiWyr,No playlist.,No playlist.
Guyana,spotify:playlist:6Orm9La3c0YRHFgIRqSgps,spotify:playlist:2hvo5woLkDMlYtbXlltXbo,No playlist.,No playlist.
Haiti,spotify:playlist:0NItdXQiZCMP0zi6badMyB,spotify:playlist:7x429wecEfBDYxdQBoqSGy,No playlist.,No playlist.
Honduras,spotify:playlist:0swoAwexVagioNByj0FH2N,spotify:playlist:7rNsuDUFvfeMOzmiPYD0tC,spotify:playlist:7in4T4gDK8w9yd7LdSd23G,spotify:playlist:3QD4inCiePrhVDYqJlZ1O1
Hong Kong,spotify:playlist:6FNqV6G2WAjZAZCHUjIiOt,spotify:playlist:6U6L7fOPLKymV1Gd29S0QZ,spotify:playlist:4UPzh2nKJjtEuEJo9VhmR0,spotify:playlist:04TPYiamiC4ERK4THSjjSc
Hungary,spotify:playlist:1gq84nkiV1KZEB9dS7cD8M,spotify:playlist:0DKyxOGexF1u6CZOTjpfbx,spotify:playlist:5GAeRk9VvUCHd5ABadm6NF,spotify:playlist:2knS2Gih6DgToAprycvuia
Iceland,spotify:playlist:3GnlFw8dLVv1GaG3mbZVmr,spotify:playlist:6wvGVy8COC8hJ4C4GsobFc,spotify:playlist:2jmYYf9wEUMLseOQ8VXPju,spotify:playlist:4yLSeAEoy5BM0hQjswhATJ
India,spotify:playlist:3z5I3BSIIcATv1C8L2Cs4C,spotify:playlist:18p6d0nojERBmF3kAIIyLL,spotify:playlist:55kpALqeQlNpnpRgWzTUC2,spotify:playlist:4jPFZB7kSqyadVLgFmGGDN
Indonesia,spotify:playlist:01bMEHB2r2utYLwZtq5OVU,spotify:playlist:2UYIhuwCFZz0fY4Nsq6Ktc,spotify:playlist:4stSNinmq0oZ78geoxiPf1,spotify:playlist:3V9k1lpd5uzEO89PYwvz9S
Iraq,spotify:playlist:28SLZqR1C53myEhq63EUuA,spotify:playlist:0v0fEvJVbrvCPVfJRQUVzS,spotify:playlist:7bAzyqwJ3FS3uxfMlLF5Ni,No playlist.
Ireland,spotify:playlist:2phPF2jVjfVT4JNt0U2kgo,spotify:playlist:13oOsJYuBzTbBXBJmBatTP,spotify:playlist:6vDu8Arpr2N6mxzSlZ9iGN,spotify:playlist:5pYJizsEAgzTcP8XSFM1qn
Israel,spotify:playlist:5pUyVl1KvAohKQtvAQlAhl,spotify:playlist:1qznXuejHqDmLKHtoKavJu,spotify:playlist:4LRcPy6ueJkrIs5pojjZDn,spotify:playlist:5RE9UmpAfpNg3jnXThBLJA
Italy,spotify:playlist:326TUGv6Ade3VozEbBALId,spotify:playlist:2ixKb62xuWVmeg9ximC2Mp,spotify:playlist:4pVtMWEERaF3v58zewLaaU,spotify:playlist:6CZ2XyQeo2VUP4Fr2pey64
Jamaica,spotify:playlist:5N7tniDef0gdIfQDz6OZCs,spotify:playlist:4o2lxhOHVdQ6HoYQg3pc7w,spotify:playlist:2aQtPuvBpAXhsMTPF4KVeC,No playlist.
Japan,spotify:playlist:6b8H2WZtjTZVljs5C01I3c,spotify:playlist:59pY49vF2DWmJd1ihRud07,spotify:playlist:4uksbLNPetkLQdN9KmvkKC,spotify:playlist:5OzcLO3GLGW2oFLv9pOX6F
Jordan,spotify:playlist:4hrxcSCDeRSl2zb2Ww4XM3,spotify:playlist:52UNYFtUzV7PVw3SV6EbIS,spotify:playlist:0xd64VgClHKYsEIKFYKpiT,No playlist.
Kazakhstan,spotify:playlist:2Nvc1L3PkzR7tHoGt3f2PR,spotify:playlist:1sLyrDwlYMckZg7xonFkni,spotify:playlist:02MovbbkpX86mYbG9O4tia,spotify:playlist:75nymCn3qE1LpldsWRukfJ
Kenya,spotify:playlist:4kDqvmoXl97HxToNTtBl6z,spotify:playlist:5OKaIVappPi0lHSJFrNB8u,spotify:playlist:5mH5DRGvYZzkdDYRBukmjG,spotify:playlist:2rr73mQjR50poz2a7fseUn
Kiribati,spotify:playlist:3JNQ2XneGXz1xspeQR1BOn,spotify:playlist:2UrINNg8pzt4cuBMRHEPyl,No playlist.,No playlist.
Kosovo,spotify:playlist:3mgyNnTTwhFSFgrBguZwVW,spotify:playlist:0wBTiuaJGMOQuGExBNWMzw,spotify:playlist:4wdqedW8NpNGLU45mwro6n,No playlist.
Kuwait,spotify:playlist:6OCikufisSmwAG5MV57VQO,spotify:playlist:6fdGcEXCztvVUAhPTFS1GU,spotify:playlist:0C3zh9DxpnqwjEGsoXwOlH,spotify:playlist:66pRgsE5l2qhB5QLC5FjMi
Kyrgyzstan,spotify:playlist:3e1SlQsRA42OMUffNCJ0x7,spotify:playlist:7ekcnUosXOr6y8Y9CZWMq1,spotify:playlist:2k9vJB7Lzr6VLwgywR5Lzt,No playlist.
Laos,spotify:playlist:4M2BKpkFuIjOcwbSyZJJpU,spotify:playlist:2xMhsV15mWg9WUYUo6DLJ1,No playlist.,No playlist.
Latvia,spotify:playlist:1t7875xadabIAuh7ua7Rnk,spotify:playlist:4IweFDxAadzCd5xqZJKTYZ,spotify:playlist:0HpO6qFLiyi0XhvmkyJLM3,spotify:playlist:6S40TCtIfmyK3wsiwqpokT
Lebanon,spotify:playlist:5mbfiskVvtoYPZWVhOwTnE,spotify:playlist:5F5nWXKD4AtzlRlQjd8bJe,No playlist.,No playlist.
Lesotho,spotify:playlist:5767lkgc79FeMPYeXdBtiE,spotify:playlist:4YJ78681ZQoA8dn536Pte8,No playlist.,No playlist.
Liberia,spotify:playlist:6xr8mRHWuKUzQA1gRjWGmI,spotify:playlist:4EHcKNVglstLwHjYJ9rQMQ,No playlist.,No playlist.
Libya,spotify:playlist:3H5hfQk3tWupD7CzwVlGe7,spotify:playlist:3xmNuPz5k03Vv5iH4YSuhI,No playlist.,No playlist.
Liechtenstein,spotify:playlist:31wBBEoR029aYTMGVU7POv,spotify:playlist:4pmnwzuqQJdDL8MD9bikTN,No playlist.,No playlist.
Lithuania,spotify:playlist:6ci26yyCh4Bl5CybvAnrkH,spotify:playlist:4pjbI290y2uSxPFMACB2bT,spotify:playlist:6XA4W36FEprgDAYmDRYo5g,spotify:playlist:0rYqQGrTk2LdA2PC0ufwhn
Luxembourg,spotify:playlist:11pYV48N2AwCdvlk3vifOH,spotify:playlist:7xTRLGGugiGnlm4XAvSndp,spotify:playlist:3LELcxr8mpSDPeJkpHQUTj,spotify:playlist:4XmoUSPJC6TJDGZEMNCnmQ
Macao,spotify:playlist:34OZ9FWRYfcm5aIUmANWPI,spotify:playlist:4hw2kPFwL4i9hYVlJgwmL8,No playlist.,No playlist.
Madagascar,spotify:playlist:7x79x1zfUKScVjLllScx1R,spotify:playlist:6EDLXZW5z3pmsZeND3HNbA,No playlist.,No playlist.
Malawi,spotify:playlist:6VCNxW3drPoM39cwSSA1T8,spotify:playlist:3eK8AZ2kUQfBXPzo5vuhJL,spotify:playlist:0np8tWRg1AIYuGnC0GpbKn,No playlist.
Malaysia,spotify:playlist:3XziRa3MtukW9cB0EzKndj,spotify:playlist:0mjq9FA75g2gGN97vWLTFv,spotify:playlist:23JhJfLeIeY3KcZ0MQojQN,spotify:playlist:3xVXsBKun1NXiGG44GHB8y
Maldives,spotify:playlist:2mFJxg5fHccomb4Dii3CJt,spotify:playlist:2JhdOJ5a4tLdrBUzYbvtuj,spotify:playlist:6nckox5M9m26JAQhmi2j3e,No playlist.
Mali,spotify:playlist:3ApbjAeRHLcRxQ5NJ7K6yy,spotify:playlist:6rhvDw4OBanzegyGMcRqhJ,No playlist.,No playlist.
Malta,spotify:playlist:7BQGMoTHxD3GTkHBG6b5Vv,spotify:playlist:2nq1vHpisSfBvrCQ9Y9Ig5,spotify:playlist:7xrYCItpnpI1Bs4kFmXkWy,spotify:playlist:05Bf9oiXCzOjsIRJtVGFzI
Marshall Islands,spotify:playlist:2wAfLW81SGGPM4THu4Xy7j,spotify:playlist:4PLUMHvZreJPorJ3SG0ok7,No playlist.,No playlist.
Mauritania,spotify:playlist:0VGn02GMlgRkwhPJLL2xOg,spotify:playlist:28nfTcvkQUzVvCBkYVsNqq,No playlist.,No playlist.
Mauritius,spotify:playlist:5lNdkeYlA6TQOUHk6LMkB0,spotify:playlist:6i9aQAyzrXh47IkxLgLChC,spotify:playlist:1nLe161r5u6y7Tr89HOQwm,No playlist.
Mexico,spotify:playlist:0tCGsn6DBaUUTscnL0Fq4v,spotify:playlist:6bSQ1TDIWNMlyMU5PjSmxU,spotify:playlist:2YZKzNzoJAvgzxDxTq5OtO,spotify:playlist:4vxiMm1ImEcI2lo9S6px2a
Micronesia,spotify:playlist:3GHGkEGq9VGL1NkN2xmRee,spotify:playlist:5SzM4zNY9ErPTJXn7hXrpH,No playlist.,No playlist.
Moldova,spotify:playlist:5Uuol9cSWHFemgFoDlKHgf,spotify:playlist:1WUBG8fcWlSmOTSanvTZd2,spotify:playlist:4lxscxNtqqiumXoJz8Okg0,spotify:playlist:5DFAwXjPYz7uec3EIdGvXQ
Monaco,spotify:playlist:2gGMAS3lFdOE1vuJgytque,spotify:playlist:6ivW7wtuUnXm4NYwGeewBS,No playlist.,No playlist.
Mongolia,spotify:playlist:3dXF1zafhXyr4nxZVzffWu,spotify:playlist:53lEV6IPeHzgtj3EyjPgjk,No playlist.,No playlist.
Montenegro,spotify:playlist:2Xp7M6n0enVPIFaZaRHK0i,spotify:playlist:3dEKQSarIt38f4c4n8Ge7r,spotify:playlist:6T0gYlRWUknQL4v44jStM9,No playlist.
Morocco,spotify:playlist:2oraahpZiSij6uSL4lgnnI,spotify:playlist:2DXWUnzkAtOMq3TmrFmk0o,spotify:playlist:4zq2tWLtO3w42TxKIWryvC,spotify:playlist:6rgbNGnglP0NYKsHWagsSC
Mozambique,spotify:playlist:1vEmw7hHDoEANaEgBUPgQK,spotify:playlist:6vPBF3dbsgRgiePxjVarzU,spotify:playlist:34DypwIBF8rtCRJtG1SE0Z,No playlist.
Namibia,spotify:playlist:3PHMjLUO5K1Hm2QCK8LBk6,spotify:playlist:6B8BVDtbS4NV9yWO6hAZcd,spotify:playlist:5Uli1qPf7Ekdlx99rxkntI,No playlist.
Nauru,spotify:playlist:0xHWHGjPxodIAv7DpBSF4Z,spotify:playlist:08HssURuJhvdNRVyqWD28g,No playlist.,No playlist.
Nepal,spotify:playlist:1pgs9DC6KcUNx3nB1F1iXE,spotify:playlist:0X0uytrqrhPZrNrSZ5QlD9,No playlist.,No playlist.
Netherlands,spotify:playlist:2zt8WX0nS7aicEsA2imw3C,spotify:playlist:23e8IWtvApU4F3AQBEnPfn,spotify:playlist:6y6PLPqGumf7Oq46DEMLA1,spotify:playlist:108ZFlgOHvHxm23fvyAV1o
New Zealand,spotify:playlist:7EtVmsac5KkB4bMIqDtQi5,spotify:playlist:6yvl13TPZ0zFr34E6JfwGi,spotify:playlist:2qzhoeADVf8V0cgLnQ0K5e,spotify:playlist:3x2TjwLR4MIkXpUrLfcpMV
Nicaragua,spotify:playlist:3dhrMFIzkzijqmpGglA4Ax,spotify:playlist:2O8g98PzV6W7zr5fsRrWF8,spotify:playlist:6M3SonnNT05Wa1bIWv0vL4,spotify:playlist:5z6tUMxgJqoSEmURNMXRmt
Niger,spotify:playlist:2WEAuJDdzwpASFQRFImg9f,spotify:playlist:1r9PR3sFEVb4RiSXQcyH8z,No playlist.,No playlist.
Nigeria,spotify:playlist:23U13r2MxJQBufDxNNncLM,spotify:playlist:1boxxQCFLDkoPqSUFeUWKY,spotify:playlist:5UnrCx6P0nzMJkQguyHTIL,spotify:playlist:2NbWN4Tk1dBI6De8qJ8Hiy
North Macedonia,spotify:playlist:6ivFKmJMDSLZhHXKZlrHzU,spotify:playlist:1ApIY9MH75VRIj4p1gtHI3,spotify:playlist:3oycl80j3tnJTL9NlSC0Am,No playlist.
Norway,spotify:playlist:3D9PQkfzYiLk01qhBxPvQs,spotify:playlist:49jp4Lc5Zo3EvJ5S1ivX0z,spotify:playlist:37Dn07HBiCBP5EZd96KxJH,spotify:playlist:0ctK5ySuiL1kxxTl0TE4c8
Oman,spotify:playlist:5u5VELFDW9mc9ShQWaPtRd,spotify:playlist:1xIYOljSvRBo1mxFjWAfPi,spotify:playlist:4jSRcVWgdtuKNiDxLz4xIl,spotify:playlist:2cL5DJ9x4m2MfdYHuWaeCx
Pakistan,spotify:playlist:5CExXfj7AyhyowPuYT6bUS,spotify:playlist:6UHhJhZJZsxie6lENcHxNi,spotify:playlist:0nIqArJxGe8JrriruyeJBr,spotify:playlist:5PAmceXGy857AjLJfBeVi7
Palau,spotify:playlist:6bY97Q9pGjuQDlSkSR6QgY,spotify:playlist:2uzJO6I5qqUVse9mnHYgfY,No playlist.,No playlist.
Palestine,spotify:playlist:36okGguRZLkVntU7zahQw0,spotify:playlist:2nNQl1HAsBuxYhojwuns3F,No playlist.,No playlist.
Panama,spotify:playlist:0wLiz1mna29mvP9mcZ5vIt,spotify:playlist:2XV7Yx0sXa4kVhm8SKYf8y,spotify:playlist:61qHNUiakHlmQTri1lrtIE,spotify:playlist:4PwALtHVt8odCiXV5LLfUN
Papua New Guinea,spotify:playlist:55cV5NHQYgLh73diCD3cps,spotify:playlist:2fvnrglgH0kwNupkmo673P,No playlist.,No playlist.
Paraguay,spotify:playlist:2le6Xafi70TjvxMkuAV6uE,spotify:playlist:5Pkk9EjK53kvFjkE2U3guK,spotify:playlist:6cqwxh1CxM0N6Op7hLkapK,spotify:playlist:7itxav7gILEp71XEQXUeHW
Peru,spotify:playlist:2JWnJeKS9j3BQwxIpZUPpw,spotify:playlist:5zGFdpWwtM7WHzBsngZism,spotify:playlist:6VXgj9k8EQeYdqR9u04KZT,spotify:playlist:2XAds15wyZCSzUmG58bXhk
Philippines,spotify:playlist:1StKtsk68ncNq7Yu7F1yl5,spotify:playlist:0rE1pnKgeAV0Il6BOqfmsk,spotify:playlist:0FSEe9mrTA7LZ7goeoZ0Mp,spotify:playlist:0mzfj2Es7m0YDJoO6DR1sd
Poland,spotify:playlist:4zDoqAbnXxTYgfOYIx06ks,spotify:playlist:1NcRQSQniC7DqMGNWYzL8G,spotify:playlist:4IvYVhhGnlAb6EmGNh8oeX,spotify:playlist:0O2Yai0gEh7i8l4h9Hsp94
Portugal,spotify:playlist:5tUfayivTLP0ms4HoeBDs7,spotify:playlist:2gYnaOgfM5FxZXAO6YUhAb,spotify:playlist:6VEJQm8kll71Pou6VcaO7I,spotify:playlist:0B9FcxcJ5oSayofX5jls2r
Qatar,spotify:playlist:77yJKnCwRIJFiAZhguVZlK,spotify:playlist:69J0oQnyTbK9QWfxVMQWcx,spotify:playlist:2wu5XauhqTtNEQAJLnoxwq,spotify:playlist:3id044nCBC59497DR3pwsJ
Romania,spotify:playlist:1D7tdAnFckbaSCHXmGsaJs,spotify:playlist:7DxGTUXSVU762E68cwBeWW,spotify:playlist:25SktDS3lDHNf626ZVElwI,spotify:playlist:4CGkQDaFO0XZckuyLBCwnR
Russia,spotify:playlist:1N5pSx2Pc2KVa0guq4jIKt,spotify:playlist:25yQ2Dj6Xe9cUsXq09FuZs,spotify:playlist:3E6CPq1c1ItJ8GyCK7WkMs,spotify:playlist:1w2M7ZHBcZhJZ6YbIq9d7o
Rwanda,spotify:playlist:6qFzvm4vDba3LYJet9f1T3,spotify:playlist:7uSh8LRsb9lZaIBTh0VJye,No playlist.,No playlist.
Saint Kitts and Nevis,spotify:playlist:2HqjKKW9542VZK0Mr1W3nl,spotify:playlist:3X4WMD5kSrYWVnvkn6Xv7O,No playlist.,No playlist.
Saint Lucia,spotify:playlist:5TCrSBD8FuWf4bGHI6x6Zd,spotify:playlist:5wmvXHUniltnqZOIKfXsTq,No playlist.,No playlist.
Saint Vincent and Grenadines,spotify:playlist:5Y3BylLwI7H3gtt8dTjpVd,spotify:playlist:3Vx1XGBYuw4UUelMun6uWj,No playlist.,No playlist.
Samoa,spotify:playlist:7iS6o7AIBvdSnkD49pNmvC,spotify:playlist:6Nsx4YRsmZZp8vVoTdmAYs,No playlist.,No playlist.
San Marino,spotify:playlist:4AkKpsGaATA3ywBTJPpO9V,spotify:playlist:5ELXGvCmIaptLdkSgyC43o,No playlist.,No playlist.
Sao Tome and Principe,spotify:playlist:548o8yBxiQ4VrdMV57GyCU,spotify:playlist:3es8lwEvqVYD9csEtPwM6f,No playlist.,No playlist.
Saudi Arabia,spotify:playlist:4RHtaQuNRtEtSuLWekvS0u,spotify:playlist:3j3iIO2Qdze124QAhLPOct,spotify:playlist:3qTCHdSQzwTuVXI3RaOS5i,spotify:playlist:5jLyyANktPWIJz5XO0nu1z
Senegal,spotify:playlist:28lNPz5pSws5bTlSACIWeU,spotify:playlist:4R5DZcMiZwz9ijBpOoHjCx,No playlist.,No playlist.
Serbia,spotify:playlist:03YA1qFVvPV5VkayrRPFNT,spotify:playlist:1wwg9TwORkkIhcB276vXvY,spotify:playlist:3KdbqCJLVERLACPsALteqh,spotify:playlist:3dmi7Yk4hXKZJKIQbDG77a
Seychelles,spotify:playlist:0RLD96tirId9k7HW5UyiXS,spotify:playlist:3adgU0Hl3OkFC0cO42348C,No playlist.,No playlist.
Sierra Leone,spotify:playlist:3bigIxahxMnySmQNFks87K,spotify:playlist:3fDHs1CP6lzZGCFCXj84rg,No playlist.,No playlist.
Singapore,spotify:playlist:6LFMbVljemjBghsB2N0sCV,spotify:playlist:5y8dmomp7ODfYS507RUlJu,spotify:playlist:18nIZVgv9ndwCaqPONXEzC,spotify:playlist:3mYmdcHgyjAx8zuLCRUP4A
Slovakia,spotify:playlist:3blEpTamnaefv7OCB2jyLr,spotify:playlist:4mARo04jHrYSW7STfXaqyn,spotify:playlist:55ILLo9pmOkE6tZqhQMXSV,spotify:playlist:5lqIUfIt1skBIeDunoUeCb
Slovenia,spotify:playlist:0fMQLW4Md475u51ycbRPhJ,spotify:playlist:3xG5qItj0qVms4gpgDUeL8,spotify:playlist:65QeEkWFGj4CRlDdBfOSc0,spotify:playlist:48n1yd6ZbPh8vHRoUfSkNa
Solomon Islands,spotify:playlist:5R4rXr7s1W2Zs97zwj0HUM,spotify:playlist:6AHh3viccxwM5oc394DkWc,No playlist.,No playlist.
South Africa,spotify:playlist:0LoERs2MzAgIZuDFhPrBzm,spotify:playlist:5XzWQOBPYNcdkoP01p2p2O,spotify:playlist:0EAQVx8QAKbvCXU7WuTyaz,spotify:playlist:5FhwXSzN9p5DTvLsX9aZqC
South Korea,spotify:playlist:4J2ayeYvXQm9cUrDJjFoD0,spotify:playlist:39BcS82Srk5ax1fpREbgqG,spotify:playlist:6zuZapD0kP9Siy8LgyJNen,spotify:playlist:087InUwuiiYqP5yYrQlpjj
Spain,spotify:playlist:2Dqc47HGCjOdkFen664b0Q,spotify:playlist:4YVYB26cPU7Y9ghW5Cn7hT,spotify:playlist:1MYb5GM0EKTmxmnXW9h0lL,spotify:playlist:7hbLiiKShnulIPWZxpYLfS
Sri Lanka,spotify:playlist:00Qo8AOul7RaJ98PYqb6QD,spotify:playlist:2fQQZZdmKKXQd0Un73G9uT,spotify:playlist:3AYGqjjdn37zkKCq07Fj8s,spotify:playlist:1YgoOTLPbyDV9AihvFl2W0
Suriname,spotify:playlist:6DwJBhGhhEUCBfic9ArAYD,spotify:playlist:4gbFEdzrdletFx3eVs3Oiu,No playlist.,No playlist.
Sweden,spotify:playlist:0eqIvTZ6lTStZjw3dSXlzW,spotify:playlist:2aSkx2cnSE5g7Hw1rNZ5Ss,spotify:playlist:0ed60mVnPtRw3J5loPEBkb,spotify:playlist:2DE0BlFyz646OZV2smBX5S
Switzerland,spotify:playlist:36lvcF8aIHntYm37ufoyx0,spotify:playlist:7zuj0WhxtmoX9ShxaZDRtg,spotify:playlist:4f5I93enbDl6MU6tcfRHT3,spotify:playlist:7De6T6UUuk208zdN7XdR27
Taiwan,spotify:playlist:3TZAnETTFotFlDBsiP00TU,spotify:playlist:419mlnRSFnzjhaqLDQA14w,spotify:playlist:2navk1bnIqI3O9LdX9WvxV,spotify:playlist:4wOum0rug01Q0Ik9VDrgi6
Tajikistan,spotify:playlist:43mcWzx7OQgsMbs05gUUFj,spotify:playlist:1OtVzd0rcC2o0FLgJ5EvX5,No playlist.,No playlist.
Tanzania,spotify:playlist:7pHbucbMjCawxuZGf3qDfn,spotify:playlist:4ZB9NSUb6YZPRd5ybpdj8b,spotify:playlist:40jC7LLBrVoDgT3iGb2LuY,No playlist.
Thailand,spotify:playlist:6x247USFAE63nrWlqKnD4p,spotify:playlist:2BGKo45q7mizpXywVUkvqz,spotify:playlist:1NWNHsNXRDDZt9WszAWOvH,spotify:playlist:6UT7i5oz35rusDQgKSzO6V
Timor-Leste,spotify:playlist:0sLo1C9HzGJeb3LcaGtOv2,spotify:playlist:6gkjSAUUiiXBOGR6BvspZX,No playlist.,No playlist.
Togo,spotify:playlist:5W3BK6Fc1LBM06J74Ji60w,spotify:playlist:4Ih7kL6ntfbsqFH38Jli9F,No playlist.,No playlist.
Tonga,spotify:playlist:3sqKoBBPnmNv4TIxwnNmFO,spotify:playlist:00ronHAJg07Vl7nOKILhvL,No playlist.,No playlist.
Trinidad & Tobago,spotify:playlist:2ZhmmpyMdG0ppjEbSWomEI,spotify:playlist:0XaUDiflDKt5uAkgVg0XCg,No playlist.,No playlist.
Tunisia,spotify:playlist:2T9ESqYPUEamf7DjH86HbL,spotify:playlist:4Z64eT7if01Le0v4gwCkrE,spotify:playlist:1eHIudt3s6qiAvAcx3VQ3j,No playlist.
Turkey,spotify:playlist:5uRqXv91PEmJBE4zk4kLj0,spotify:playlist:5bHGHIZQG77cY0CsVdBsrD,spotify:playlist:3uzlHkxigVjtzSbWEGxZhq,spotify:playlist:5TsHryE1bqnP6l62i0uLqO
USA,spotify:playlist:5YeIpS04ZMVu7J1x6gEVEM,spotify:playlist:1XgvD2UvVrDWsfqca8Nun8,spotify:playlist:5NUlEw5SqTYmQc4nRlRHow,spotify:playlist:1Fb0WrTNUK52102jWj8XIY
Uganda,spotify:playlist:77NBR4kPA3ttFp320SWknU,spotify:playlist:5qUCSxPgGWtoVZFljW3QJ3,spotify:playlist:5YXq4r1rp7hxuVEqau2o10,No playlist.
Ukraine,spotify:playlist:7EOul78XvcMgeP46u9Npz6,spotify:playlist:6RFgtoOV0L5nCmZFWgkXK7,spotify:playlist:5sWjwlRovSsqdRGLcgy5qZ,spotify:playlist:2aawob230ZNszOE31JJbFU
United Arab Emirates,spotify:playlist:7jxS6qktI2dghrBikUZmx5,spotify:playlist:40O85w5a0jp6V52t7aCNXR,spotify:playlist:1enuZV6MZ5eqXQBSMNNYWJ,spotify:playlist:1wSvbWtkQlLzcSFsOsyQNj
United Kingdom,spotify:playlist:4Ftkt8ReyAmpXUe45h751u,spotify:playlist:4LfbnJfeW2MU2iQknFay4x,spotify:playlist:2jB5kT2QXPPO2TFgaytp2e,spotify:playlist:4RBCCXIlc3XWq8HyVHir4h
Uruguay,spotify:playlist:57o3FLZLETf6F54gO6slQj,spotify:playlist:5C4JJ4NNDw160MJuB0GkKP,spotify:playlist:7JlXKHZg0O8aJ6SuAt8SpR,spotify:playlist:2ffy9pYN3OR6ta18sM7I4H
Uzbekistan,spotify:playlist:03sWZa8TZXMSE1leBd40FR,spotify:playlist:1dO9NkJrq74xMNKrf6kqj5,spotify:playlist:09OOwBOpO9Z8JsO810kurA,No playlist.
Vanuatu,spotify:playlist:1VoQFUCDl54FZFXlG0p6ds,spotify:playlist:4IOnQILR81w0odpRO1hrtP,No playlist.,No playlist.
Venezuela,spotify:playlist:2z9rzSYo8t7k0k0BNGXTxM,spotify:playlist:2Lj7ncycDGwj2Vyq824ytg,spotify:playlist:7MVXLiyVlyXsmkBZrKjRy2,No playlist.
Vietnam,spotify:playlist:0mG30XjV49dzw8rcp5Mj93,spotify:playlist:2ofqgcGVYYnBcpnsk3aW25,spotify:playlist:0v0iNJgxTk7s1Oicluvycw,spotify:playlist:2urzTMOSeEcoBFFGnKwP0Z
Zambia,spotify:playlist:5TT1XD8DWBNFar8lXIPLJI,spotify:playlist:7xclBK2OSDHBJTAFL6yXWH,spotify:playlist:5f9TOiTYEwQvbLZ9vSdLL3,spotify:playlist:2THafxa96RmGBItfUX1YaI
Zimbabwe,spotify:playlist:6ulstSy5IViD3lFCODNeiP,spotify:playlist:4EfovbEZE9xhjOxn7HMQJ1,spotify:playlist:0JDzEdae0H6CbIJM4K4ihA,No playlist.
